Column 2,Column 3,Column 4,Column 6
2021-02-12T08:23:13Z,#FelizSabado,http://twitter.com/search?q=%23FelizSabado,
2021-02-12T08:23:13Z,#FelizFinde,http://twitter.com/search?q=%23FelizFinde,
2021-02-12T08:23:13Z,#FelizSabado,http://twitter.com/search?q=%23FelizSabado,
2021-02-12T08:23:13Z,#FelizFinde,http://twitter.com/search?q=%23FelizFinde,
2021-02-12T08:23:13Z,#FelizSabado,http://twitter.com/search?q=%23FelizSabado,11029
2021-02-12T08:23:13Z,#FelizFinde,http://twitter.com/search?q=%23FelizFinde,
2021-02-12T19:17:33Z,#FelizSabado,http://twitter.com/search?q=%23FelizSabado,14146
2021-02-12T20:12:30Z,#FelizSabado,http://twitter.com/search?q=%23FelizSabado,19915
2021-02-16T00:48:09Z,Feliz Cuaresma,http://twitter.com/search?q=%22Feliz+Cuaresma%22,
2021-02-16T00:48:09Z,Feliz Cuaresma,http://twitter.com/search?q=%22Feliz+Cuaresma%22,
2021-02-16T00:48:09Z,Feliz Cuaresma,http://twitter.com/search?q=%22Feliz+Cuaresma%22,
2021-02-16T00:48:09Z,Feliz Cuaresma,http://twitter.com/search?q=%22Feliz+Cuaresma%22,
2021-02-16T00:48:09Z,Feliz Cuaresma,http://twitter.com/search?q=%22Feliz+Cuaresma%22,
2021-02-13T23:39:13Z,#FelizMiercoles,http://twitter.com/search?q=%23FelizMiercoles,
2021-02-14T16:31:54Z,#FelizMiercoles,http://twitter.com/search?q=%23FelizMiercoles,
2021-02-14T16:31:54Z,#FelizMiercoles,http://twitter.com/search?q=%23FelizMiercoles,
2021-02-16T05:25:06Z,#NiFelipeVINiLeonor,http://twitter.com/search?q=%23NiFelipeVINiLeonor,11160
2021-02-16T18:50:22Z,#FelizViernesATodos,http://twitter.com/search?q=%23FelizViernesATodos,
2021-02-16T18:50:22Z,#FelizFinde,http://twitter.com/search?q=%23FelizFinde,
2021-02-14T10:23:42Z,#FelizSabado,http://twitter.com/search?q=%23FelizSabado,
2021-02-13T07:15:04Z,#FelizViernesATodos,http://twitter.com/search?q=%23FelizViernesATodos,
2021-02-13T07:15:04Z,#FelizFinde,http://twitter.com/search?q=%23FelizFinde,
2021-02-13T08:54:46Z,#FelizSabado,http://twitter.com/search?q=%23FelizSabado,
2021-02-14T21:51:30Z,#FelizMartes,http://twitter.com/search?q=%23FelizMartes,
2021-02-18T07:08:05Z,#FelizJueves,http://twitter.com/search?q=%23FelizJueves,
2021-02-18T07:08:05Z,Felices 102,http://twitter.com/search?q=%22Felices+102%22,
